{"cameraMode":{"drawMode":0,"name":"Shaded","section":"Shading Mode"},"sceneLighting":false,"audioPlay":false,"sceneViewState":{"showFog":true,"showMaterialUpdate":false,"showSkybox":false,"showFlares":true,"showImageEffects":true,"showParticleSystems":true},"in2DMode":false,"pivot":{"x":-30.162002563476564,"y":5.800000190734863,"z":20.649999618530275},"rotation":{"x":0.4659164547920227,"y":0.3238973915576935,"z":-0.18826183676719666,"w":0.8016154170036316},"size":614.1798706054688,"orthographic":false}