{"cameraMode":{"drawMode":0,"name":"Shaded","section":"Shading Mode"},"sceneLighting":false,"audioPlay":false,"sceneViewState":{"showFog":true,"showMaterialUpdate":false,"showSkybox":false,"showFlares":true,"showImageEffects":true,"showParticleSystems":true},"in2DMode":false,"pivot":{"x":34.00810623168945,"y":5.47599983215332,"z":50.099998474121097},"rotation":{"x":0.11195128411054611,"y":0.8750185370445252,"z":-0.4037605822086334,"w":0.24271012842655183},"size":0.6816841959953308,"orthographic":false}